category,view,like,dislike,month,year
Game,11802400,484663,4932,3,2015
Game,4791668,147640,2969,3,2015
Game,2858031,85978,1655,3,2015
Komedi,6187332,358528,5611,3,2015
Blog &amp; Orang,2973584,139538,1261,3,2015
Game,3561793,138921,2183,3,2015
Game,3467196,131649,1290,3,2015
Game,8847544,324846,2395,3,2015
Game,3631039,151965,1448,3,2015
Game,7795064,196577,6628,3,2015
Game,7239851,196682,2548,3,2015
Game,10833522,351245,3971,3,2015
Game,2936704,86077,2125,3,2015
Game,8411499,370159,3046,3,2015
Game,8197044,253444,5803,3,2015
Game,12909124,359834,6880,3,2015
Game,8698825,282242,3123,3,2015
Komedi,5112209,245096,2070,3,2015
Game,6072948,192338,3623,3,2015
Game,2373924,71271,2424,3,2015
Game,3397236,142740,1688,3,2015
Game,6703525,264958,3747,3,2015
Game,4756487,146508,1625,3,2015
Game,4559587,116529,2268,3,2015
Game,5424596,170128,1678,3,2015
Game,9625859,412420,2542,3,2015
Game,4276249,165818,2518,3,2015
Game,3167245,93025,3115,3,2015
Game,5957471,158715,3329,3,2015
Game,4340720,100029,5154,3,2015
Game,3960779,133332,1695,3,2015
Game,12063174,373372,9855,3,2015
Game,4551815,109513,2385,3,2015
Game,3157611,91728,1297,3,2015
Game,7025205,202150,3650,3,2015
Game,7704070,354815,2423,3,2015
Game,5784068,274013,2001,3,2015
Game,5016202,142907,3141,3,2015
Game,5273711,85965,4946,3,2015
Game,3354565,103213,2002,3,2015
Game,4238390,157778,2600,3,2015
Game,7394964,223282,4842,3,2015
Game,5259484,147857,3692,3,2015
Blog &amp; Orang,7809908,459667,3000,3,2015
Game,6493062,140332,3261,3,2015
Game,5331550,149941,1900,3,2015
Game,4190880,216909,2244,3,2015
Game,4450660,206418,2297,3,2015
Game,2761794,69278,2207,4,2015
Game,4768943,218216,3209,4,2015
Komedi,4296796,249264,3219,4,2015
Game,1762299,50368,2819,4,2015
Game,4783759,213611,2396,4,2015
Game,9470731,267233,3611,4,2015
Game,3467045,142125,1815,4,2015
Komedi,9596133,265796,2372,4,2015
Game,2687268,150781,1477,4,2015
Game,2733427,194015,1613,4,2015
Komedi,10080702,425325,3583,4,2015
Game,3594734,151063,1013,4,2015
Game,6263507,195373,3335,4,2015
Game,3379474,82573,2176,4,2015
Game,3986082,111449,3553,4,2015
Game,11006965,325700,6530,4,2015
Game,7006517,237882,3530,4,2015
Game,2574116,88805,1390,4,2015
Game,5119052,210564,2853,4,2015
Game,6196719,358677,3570,4,2015
Game,2902592,140105,2169,4,2015
Game,4316374,168435,1982,4,2015
Komedi,3658985,198816,1327,4,2015
Game,4595003,209260,2674,4,2015
Game,8844963,279601,4204,4,2015
Game,5301749,151044,2608,4,2015
Game,11300412,327328,4891,4,2015
Game,2797115,130999,2540,4,2015
Game,2649319,125961,1003,4,2015
Game,7311251,265336,3208,4,2015
Game,4410551,222800,1706,4,2015
Game,2814313,103729,1663,4,2015
Game,4518711,265748,4275,4,2015
Game,9256254,225608,3867,4,2015
Komedi,2982629,118468,1519,4,2015
Game,4903497,166731,1529,4,2015
Game,4864025,248155,1888,4,2015
Game,8060680,239751,3444,4,2015
Game,2912316,161088,1200,4,2015
Game,3241105,84464,3494,4,2015
Game,4200348,195659,1603,4,2015
Game,4592263,151945,3147,4,2015
Game,2047270,64510,1984,4,2015
Game,3950894,243143,2259,4,2015
Game,6349162,257466,2039,4,2015
Game,5669653,318808,2544,4,2015
Game,18842549,513848,18630,4,2015
Game,5975257,212161,3932,4,2015
Game,7320676,417189,3444,4,2015
Game,5704912,337982,2092,4,2015
Game,23479967,257289,13496,4,2015
Game,6788293,301927,2947,5,2015
Game,2892867,96411,3133,5,2015
Hiburan,12832206,484323,6175,5,2015
Game,17052320,557894,13949,5,2015
Hiburan,4160492,295846,2314,5,2015
Game,5550068,165906,3143,5,2015
Game,7282687,313117,2779,5,2015
Game,8442997,311302,5654,5,2015
Game,3240264,126083,2152,5,2015
Game,7103354,330444,3808,5,2015
Game,5676980,250667,1551,5,2015
Game,5664314,152939,2416,5,2015
Game,3358787,114018,2573,5,2015
Game,7481027,250611,2510,5,2015
Game,2020832,57103,1544,5,2015
Game,4944899,199115,1547,5,2015
Komedi,3556664,185694,1532,5,2015
Game,5750137,163873,2016,5,2015
Game,4860930,218899,2716,5,2015
Game,2931405,98378,1726,5,2015
Game,4565244,137619,3202,5,2015
Game,5544479,112774,2234,5,2015
Game,3543316,181995,1688,5,2015
Game,3947202,141156,4131,5,2015
Game,2849217,119690,957,5,2015
Game,4348000,164937,1826,5,2015
Game,6300614,260419,3480,5,2015
Game,3837018,122291,1680,5,2015
Game,2326631,85537,1582,5,2015
Game,2980256,157179,1920,5,2015
Game,3689566,141215,1444,5,2015
Game,5186287,158166,2877,5,2015
Game,2295656,76815,2797,5,2015
Game,5200593,161670,2201,5,2015
Game,5699476,169165,2155,5,2015
Komedi,3599547,125940,5928,5,2015
Game,2720288,68644,1524,5,2015
Game,2793600,67611,3635,5,2015
Game,5085409,169740,2300,5,2015
Game,4579115,149030,1932,5,2015
Game,9299145,235161,3389,5,2015
Game,13489290,467825,4486,5,2015
Game,10240360,249402,6878,5,2015
Game,4595507,159291,4680,5,2015
Game,8228917,374457,4621,5,2015
Game,7188759,203466,3660,5,2015
Game,3651239,137959,1466,5,2015
Game,6542328,236293,2946,5,2015
Game,3008917,155657,1251,5,2015
Game,4264366,116357,1546,5,2015
Game,3199772,145522,3728,5,2015
Game,3906256,168027,2266,5,2015
Game,8899764,313021,5081,5,2015
Game,3422613,146394,1880,5,2015
Game,5853974,204399,2074,5,2015
Game,3728254,113731,2188,6,2015
Game,4556978,172087,1791,6,2015
Game,3236207,142163,2836,6,2015
Game,3430950,163920,1902,6,2015
Game,3818645,116298,3952,6,2015
Hiburan,7787317,383150,5254,6,2015
Game,11033327,331224,5383,6,2015
Game,6709082,257672,3837,6,2015
Game,8772569,344788,5498,6,2015
Game,3449771,126246,1400,6,2015
Game,4471394,215067,2884,6,2015
Game,8680305,240962,8339,6,2015
Game,3187935,138449,5774,6,2015
Game,4239782,162251,2127,6,2015
Game,2601445,79910,1613,6,2015
Game,3037042,137540,2098,6,2015
Game,8013171,221974,5592,6,2015
Game,8108237,188936,4320,6,2015
Game,13945867,343071,12000,6,2015
Game,4604741,160981,2145,6,2015
Komedi,7725152,251967,3346,6,2015
Blog &amp; Orang,2021597,124731,1478,6,2015
Game,6185864,212273,1593,6,2015
Game,6840109,224278,4473,6,2015
Game,5229649,204007,3111,6,2015
Game,2900399,129167,1827,6,2015
Game,3004624,131657,2660,6,2015
Game,3636535,147341,2325,6,2015
Game,6067296,215542,2004,6,2015
Game,6059966,244509,3928,6,2015
Game,10103353,270828,5289,6,2015
Game,10673846,233858,6253,6,2015
Game,5380166,212558,2621,6,2015
Game,4074714,179745,3128,6,2015
Game,5857512,253051,2534,6,2015
Game,7119046,283125,4350,6,2015
Komedi,10058593,203656,3891,6,2015
Game,7968362,228367,6344,6,2015
Game,3124595,129845,2641,6,2015
Game,9324484,314349,11781,6,2015
Game,9514211,286979,3387,6,2015
Game,7371764,314538,2544,6,2015
Game,3917615,156161,3120,6,2015
Game,4966284,186351,1768,6,2015
Game,3001727,148866,2305,6,2015
Game,2782132,93681,6073,6,2015
Game,3911696,192774,2679,6,2015
Game,3103299,168778,1816,6,2015
Game,6603304,203400,4067,6,2015
Game,5760513,195297,1980,6,2015
Game,2948126,122048,2985,6,2015
Game,3887501,160054,1614,6,2015
Game,7807985,437895,4352,7,2015
Game,7409843,317594,5747,7,2015
Game,3637734,163025,3149,7,2015
Game,6207898,388074,3230,7,2015
Game,4243125,142586,2413,7,2015
Game,3598211,133505,1981,7,2015
Game,3720190,196398,3534,7,2015
Hiburan,3611083,103703,3757,7,2015
Game,3541896,147484,1613,7,2015
Game,4249478,198864,2072,7,2015
Game,2751068,99658,2575,7,2015
Game,2846982,104064,1554,7,2015
Game,6461066,164266,4353,7,2015
Game,2847743,104078,2470,7,2015
Game,4099161,221198,1691,7,2015
Game,4850198,148769,4712,7,2015
Game,2968718,122418,2281,7,2015
Game,6148838,184887,2412,7,2015
Game,5253133,126554,3628,7,2015
Game,3982399,155153,2332,7,2015
Musik,2124882,148791,2659,7,2015
Game,3177607,173850,1621,7,2015
Game,5680353,222756,4080,7,2015
Komedi,3873031,263518,1918,7,2015
Game,4444106,146263,1861,7,2015
Game,4957984,176329,2213,7,2015
Game,2270905,114820,1813,7,2015
Game,5424528,236568,15326,7,2015
Game,3385576,224459,2835,7,2015
Game,13844019,317939,6828,7,2015
Game,4623769,315003,3349,7,2015
Game,4131390,172587,1529,7,2015
Game,4748359,187270,2367,7,2015
Game,4814503,190258,2466,7,2015
Komedi,15089340,726125,18091,7,2015
Game,4118127,147612,2196,7,2015
Game,7536980,226703,3858,7,2015
Game,4235474,117035,5823,7,2015
Game,4602235,145001,2527,7,2015
Game,4782699,157997,1840,7,2015
Game,6311653,185840,1854,7,2015
Game,3403308,129755,1831,7,2015
Game,3320759,151104,3295,7,2015
Game,3345430,142331,3138,7,2015
Game,6297450,184249,4172,7,2015
Game,2455389,114325,1738,7,2015
Game,3147648,133962,2242,7,2015
Game,3575492,92458,2304,7,2015
Game,6503351,161408,4021,7,2015
Game,3358724,128822,1619,7,2015
Game,9261699,288641,3030,7,2015
Game,9721979,305463,3776,7,2015
Game,3157709,126042,2752,7,2015
Game,2754912,113386,1920,7,2015
Game,3195231,131030,2082,7,2015
Game,4323438,146180,3478,8,2015
Game,6392264,201730,2968,8,2015
Game,6742226,208789,2302,8,2015
Game,4425159,157171,2697,8,2015
Game,4521356,168540,2501,8,2015
Game,12809659,481103,9377,8,2015
Game,2030247,72155,2058,8,2015
Game,7065405,245672,2721,8,2015
Blog &amp; Orang,3617770,256530,2178,8,2015
Game,2937893,116928,2248,8,2015
Game,6590541,205771,5573,8,2015
Game,6847793,223698,2126,8,2015
Game,3721346,184273,3318,8,2015
Blog &amp; Orang,10679633,470177,5260,8,2015
Game,2245918,119875,1017,8,2015
Game,3592534,237908,1628,8,2015
Game,5824810,198421,3193,8,2015
Game,2442211,99258,2238,8,2015
Game,2051460,87248,2760,8,2015
Game,2470370,62437,1612,8,2015
Game,3515712,147659,1844,8,2015
Game,2920836,94761,1672,8,2015
Game,3685595,152113,1812,8,2015
Game,2373957,104227,1672,8,2015
Game,5066798,281874,2345,8,2015
Game,2096929,80126,1616,8,2015
Game,2818314,102295,2579,8,2015
Game,2936135,142521,1988,8,2015
Game,3552043,159087,2565,8,2015
Game,6371424,200168,2926,8,2015
Blog &amp; Orang,3286503,260891,2022,8,2015
Game,5621652,168525,2022,8,2015
Game,2195232,82430,1541,8,2015
Game,1798004,106207,2128,8,2015
Game,3353708,78156,2217,8,2015
Game,5601646,174683,2257,8,2015
Game,6748374,198543,2197,8,2015
Game,2665990,131319,1441,8,2015
Game,4805735,195775,4149,8,2015
Game,6164864,175042,2905,8,2015
Game,3150652,115012,1820,8,2015
Hiburan,3491582,271847,3443,8,2015
Game,2760502,124113,2358,8,2015
Game,3071507,134880,2220,8,2015
Game,7940271,366244,2277,8,2015
Game,2560865,127337,1412,8,2015
Game,3567104,118258,1586,8,2015
Game,3341808,114237,1925,8,2015
Game,5844854,186201,1636,8,2015
Game,6391483,130389,4252,8,2015
Game,2546705,124504,1815,8,2015
Game,3261723,185759,1527,9,2015
Game,2545248,200331,1025,9,2015
Game,3241831,141310,2156,9,2015
Game,7679040,227580,4451,9,2015
Game,5935740,214909,5402,9,2015
Game,2211174,178102,2120,9,2015
Game,4194732,152805,2178,9,2015
Game,5364288,190723,3066,9,2015
Game,4334845,219617,2232,9,2015
Game,4791483,131145,1901,9,2015
Game,2768413,131766,1117,9,2015
Game,4964668,141679,3143,9,2015
Game,9234659,206335,5191,9,2015
Game,4561003,149973,3198,9,2015
Game,4500972,154964,2241,9,2015
Game,2097160,109910,1108,9,2015
Game,5099377,185323,3914,9,2015
Game,3959359,196082,1994,9,2015
Game,4798190,155561,4149,9,2015
Game,5524468,235548,2541,9,2015
Game,3165612,123477,2011,9,2015
Game,6541436,210384,3576,9,2015
Game,3414239,139469,2861,9,2015
Game,6462768,234084,4063,9,2015
Game,4049485,211244,1733,9,2015
Game,3543363,178479,1880,9,2015
Game,5097826,183225,2864,9,2015
Game,19715933,313601,5127,9,2015
Game,4332961,188252,1794,9,2015
Game,8704724,274326,3066,9,2015
Game,2184159,118283,1190,9,2015
Blog &amp; Orang,3829194,253490,2546,9,2015
Blog &amp; Orang,4586047,319230,1989,9,2015
Game,2631812,106975,1046,9,2015
Game,4103032,186760,1338,9,2015
Game,5313738,319640,3712,9,2015
Game,3808750,170078,1434,9,2015
Blog &amp; Orang,5163730,226463,1924,9,2015
Game,6038634,166426,3346,9,2015
Game,3138496,185810,1435,9,2015
Game,5096435,285967,3206,9,2015
Game,3161400,98287,1187,9,2015
Game,5080093,165700,1737,9,2015
Game,3669106,123991,1339,9,2015
Game,2773114,130297,1919,9,2015
Game,2423661,126246,957,9,2015
Game,3497934,154091,2042,9,2015
Game,3807257,121336,1843,9,2015
Blog &amp; Orang,5084786,201509,2958,9,2015
Blog &amp; Orang,6157910,202012,2340,9,2015
Blog &amp; Orang,3552742,271156,1612,9,2015
Game,4359839,176173,1843,9,2015
Game,2248210,79517,2289,9,2015
Game,3253468,169627,1124,9,2015
Game,6764458,231342,3036,9,2015
Blog &amp; Orang,2223930,113094,890,9,2015
Game,5710961,323041,3966,9,2015
Game,5225476,167972,1829,9,2015
Game,3712059,193783,1964,9,2015
Blog &amp; Orang,6074326,261306,5036,10,2015
Game,5611788,238612,3986,10,2015
Game,2560101,108405,1976,10,2015
Game,9232783,272830,8672,10,2015
Game,2182644,80273,1069,10,2015
Game,5662866,257819,3124,10,2015
Komedi,3494027,229753,1952,10,2015
Game,3876607,167980,1424,10,2015
Game,2468276,179728,1849,10,2015
Nonprofit &amp; Aktivisme,3185938,128359,1748,10,2015
Game,4137239,157245,2854,10,2015
Game,23210495,459896,14046,10,2015
Game,3535644,188375,1245,10,2015
Game,3588116,98945,1389,10,2015
Game,4454453,175868,19522,10,2015
Game,4436578,136288,2484,10,2015
Game,4562334,175837,1958,10,2015
Game,2574638,115025,1328,10,2015
Game,2635515,107497,1663,10,2015
Game,2748650,133585,1376,10,2015
Game,3325501,175538,1826,10,2015
Game,5058636,204146,2887,10,2015
Blog &amp; Orang,3834973,153037,1538,10,2015
Game,5315220,164788,5388,10,2015
Game,2643743,110762,1337,10,2015
Game,4735361,157459,2409,10,2015
Game,4060588,161122,4234,10,2015
Game,3059185,96857,1816,10,2015
Game,8543712,213372,5296,10,2015
Game,8610467,204464,3969,10,2015
Game,2389596,101857,1776,10,2015
Game,5758782,208127,1805,10,2015
Game,2841032,134279,977,10,2015
Pendidikan,2759600,234011,1833,10,2015
Game,6784237,236261,2647,10,2015
Game,3975678,130357,2567,10,2015
Game,3331375,143360,3100,10,2015
Game,3078006,123370,2046,10,2015
Game,3271813,122133,2919,10,2015
Game,5499164,197523,2290,10,2015
Game,11428878,286224,9638,11,2015
Game,2451943,108377,2040,11,2015
Game,4469785,212651,4234,11,2015
Game,5254019,209414,4066,11,2015
Game,2687049,125860,2658,11,2015
Game,5564580,192499,1877,11,2015
Game,2871667,115385,1972,11,2015
Game,5191308,194333,6415,11,2015
Game,2844154,109669,2885,11,2015
Game,3334708,110301,3724,11,2015
Game,3638878,207572,2139,11,2015
Game,3111832,148966,1623,11,2015
Game,3259871,146085,1897,11,2015
Game,4901833,251748,1670,11,2015
Game,4567875,172067,23417,11,2015
Game,2908537,117371,1950,11,2015
Game,4719753,149664,1835,11,2015
Game,2959682,109591,1353,11,2015
Game,5402387,208266,1845,11,2015
Game,2211813,109250,1466,11,2015
Game,9639980,295920,4501,11,2015
Game,3759854,151371,4154,11,2015
Game,3323981,155089,1583,11,2015
Game,3214312,140578,2059,11,2015
Game,2508206,136411,2285,11,2015
Game,5095396,196997,2334,11,2015
Game,3031108,141002,1520,11,2015
Game,2334236,102576,1473,11,2015
Game,2817474,96580,1018,11,2015
Game,15173360,391483,5218,11,2015
Game,2612851,106404,1580,11,2015
Game,4776632,194859,2517,11,2015
Game,3525707,169249,1925,11,2015
Game,3809457,132262,9972,11,2015
Game,2992328,96682,2735,11,2015
Game,2158283,112661,3216,11,2015
Game,7412702,324862,2926,11,2015
Game,2899163,122432,1508,12,2015
Game,6486708,221267,2553,12,2015
Game,4811787,216786,2053,12,2015
Game,3543153,150714,2399,12,2015
Game,3489508,95038,1763,12,2015
Game,7058930,279692,5412,12,2015
Game,3245567,131842,2465,12,2015
Game,3923028,144683,1860,12,2015
Game,5500036,184251,1926,12,2015
Game,2363058,81988,1879,12,2015
Game,5230297,131295,3392,12,2015
Game,2379604,77493,2545,12,2015
Game,3219757,122978,2556,12,2015
Game,3943574,169368,1115,12,2015
Game,2719865,125128,2162,12,2015
Game,2587386,113290,3086,12,2015
Game,12630284,430324,5201,12,2015
Game,7485868,170728,3050,12,2015
Game,6041788,212330,4892,12,2015
Game,3721084,167786,2303,12,2015
Game,3369262,140251,2392,12,2015
Game,7952237,253553,5971,12,2015
Game,5057396,202673,2729,12,2015
Game,3151062,175852,2073,12,2015
Game,4670886,204562,1897,12,2015
Game,2404095,137452,1401,12,2015
Game,2395413,101446,2277,12,2015
Game,2043812,122237,2943,12,2015
Game,5154162,236819,3469,12,2015
Game,7952184,279076,2807,12,2015
Game,5744697,216432,2248,12,2015
Game,8158573,252943,6757,12,2015
Game,7706009,416788,18143,12,2015
Game,4949543,255886,4503,1,2016
Game,2697423,111696,1914,1,2016
Game,799243,25928,165,1,2016
Game,2608240,123027,3013,1,2016
Game,3130828,216960,1954,1,2016
Game,2558817,120619,4667,1,2016
Game,5726650,159366,7814,1,2016
Game,4134487,204168,1928,1,2016
Game,2332106,100523,7546,1,2016
Game,5141373,194531,3075,1,2016
Game,667370,26906,202,1,2016
Game,5002288,179464,2208,1,2016
Game,2910358,169445,3305,1,2016
Game,7129770,360235,4804,1,2016
Game,4761534,273168,2691,1,2016
Game,4142357,138974,3650,1,2016
Game,2362577,69156,1274,1,2016
Game,10109732,367928,11385,1,2016
Game,3344436,227722,1782,1,2016
Game,1979187,47847,812,1,2016
Game,10391574,389332,18082,1,2016
Game,6098370,241291,4557,1,2016
Game,5586314,266863,3793,1,2016
Game,7603093,243042,7026,1,2016
Game,3543631,146462,2159,1,2016
Game,3174291,161921,2695,1,2016
Game,3848838,210112,1646,1,2016
Game,2051618,47574,821,1,2016
Game,3033272,76528,1236,1,2016
Game,2675891,178456,2542,1,2016
Game,6148521,160836,3351,1,2016
Game,7355421,174836,5428,1,2016
Game,5975485,255161,2554,1,2016
Game,1858295,36924,1011,1,2016
Game,3442122,181152,1840,1,2016
Game,9391119,431584,8105,1,2016
Game,4228382,208799,2695,1,2016
Game,2683913,66080,1073,1,2016
Game,2646302,149577,3812,1,2016
Game,5353195,157880,2321,2,2016
Game,5677437,188343,2746,2,2016
Game,4236466,23150,432,2,2016
Game,1527449,54606,779,2,2016
Blog &amp; Orang,5834373,277603,5852,2,2016
Game,16306464,269306,27712,2,2016
Game,1452528,44947,504,2,2016
Game,4688015,179348,17000,2,2016
Game,0,0,0,2,2016
Game,2618655,92042,3476,2,2016
Blog &amp; Orang,3841047,149061,1772,2,2016
Hiburan,10758358,30317,3923,2,2016
Game,4682392,180921,2623,2,2016
Game,1754321,52608,439,2,2016
Game,14147326,666693,12440,2,2016
Blog &amp; Orang,3767812,170204,2629,2,2016
Game,9478905,277994,4819,2,2016
Game,51130443,1008181,55354,2,2016
Game,4135637,176245,3676,2,2016
Game,14060351,0,0,2,2016
Game,3090780,150079,1253,2,2016
Game,4532888,226454,3052,2,2016
Blog &amp; Orang,3733565,196319,8460,2,2016
Hiburan,6285831,17727,1944,2,2016
Game,4997877,229715,13833,2,2016
Hiburan,3758909,14959,1361,2,2016
Blog &amp; Orang,3719198,188901,2432,2,2016
Blog &amp; Orang,2145805,79962,5166,2,2016
Game,3789925,180056,2437,2,2016
Blog &amp; Orang,4475997,248804,3443,2,2016
Game,6544933,0,0,2,2016
Blog &amp; Orang,4862333,227241,4669,2,2016
Blog &amp; Orang,4426748,192235,2423,2,2016
Game,4047611,136838,1624,2,2016
Game,9315512,305257,4836,2,2016
Blog &amp; Orang,2776366,163848,1932,2,2016
Game,3238676,142301,3143,2,2016
Game,2733628,122458,2330,2,2016
Blog &amp; Orang,410721,19311,276,3,2016
Blog &amp; Orang,3280465,135422,5755,3,2016
Game,3112375,104967,3022,3,2016
Blog &amp; Orang,4655121,214474,4159,3,2016
Blog &amp; Orang,4702563,160896,3561,3,2016
Game,3028821,11880,824,3,2016
Blog &amp; Orang,1671590,55132,1406,3,2016
Blog &amp; Orang,11909266,421811,7108,3,2016
Blog &amp; Orang,11843868,397569,4691,3,2016
Blog &amp; Orang,480288,19795,333,3,2016
Game,51130334,0,0,3,2016
Blog &amp; Orang,412661,16699,335,3,2016
Blog &amp; Orang,7162528,311728,4704,3,2016
Game,1499531,50869,873,3,2016
Blog &amp; Orang,3563659,135488,4752,3,2016
Blog &amp; Orang,3637526,157543,1795,3,2016
Blog &amp; Orang,558680,24114,322,3,2016
Game,1256186,33287,386,3,2016
Game,2772244,10687,1112,3,2016
Game,3025990,6938,540,3,2016
Blog &amp; Orang,4679149,159205,2512,3,2016
Game,2233050,129980,1380,3,2016
Game,2235435,83241,1047,3,2016
Game,1666245,56201,504,3,2016
Game,51130334,0,0,3,2016
Blog &amp; Orang,5542863,355293,5492,3,2016
Blog &amp; Orang,2671002,114933,1772,3,2016
Game,51130334,0,0,3,2016
Blog &amp; Orang,4117907,195738,2217,3,2016
Blog &amp; Orang,11868892,238756,7776,3,2016
Game,3051777,14936,1031,3,2016
Blog &amp; Orang,2102163,104864,1709,3,2016
Blog &amp; Orang,5245292,184199,4658,3,2016
Game,3357809,139536,1741,3,2016
Game,7102048,278622,4328,3,2016
Blog &amp; Orang,2728566,159525,2490,3,2016
Blog &amp; Orang,5089648,187480,2822,3,2016
Blog &amp; Orang,19077611,491085,8462,3,2016
Game,3301825,83503,1100,3,2016
Blog &amp; Orang,20787568,547542,8888,3,2016
Blog &amp; Orang,3997654,190677,1732,3,2016
Game,4265291,13491,1319,3,2016
Blog &amp; Orang,5163844,284903,4796,3,2016
Game,2901445,80611,2616,3,2016
Game,51130334,0,0,3,2016
Game,19077485,0,0,3,2016
Blog &amp; Orang,2829948,116489,2399,3,2016
Blog &amp; Orang,3142346,136119,5141,3,2016
Blog &amp; Orang,12996564,511551,8145,3,2016
Blog &amp; Orang,3778772,150145,4178,3,2016
Blog &amp; Orang,3304814,159056,1523,3,2016
Game,3360044,121204,1572,3,2016
Blog &amp; Orang,3402118,181688,3042,3,2016
Blog &amp; Orang,371491,15053,326,3,2016
Blog &amp; Orang,609146,23454,779,3,2016
Blog &amp; Orang,5902511,243215,18685,4,2016
Blog &amp; Orang,1168142,43754,481,4,2016
Game,2066063,53864,1221,4,2016
Game,2846887,104533,2051,4,2016
Game,19636909,521259,11189,4,2016
Blog &amp; Orang,3775213,165144,2756,4,2016
Game,12404703,343154,8579,4,2016
Game,1438285,52559,795,4,2016
Game,6872812,260839,5025,4,2016
Game,4957214,223993,3904,4,2016
Game,9030639,494866,10316,4,2016
Game,3748572,197765,1531,4,2016
Blog &amp; Orang,1013074,37980,304,4,2016
Blog &amp; Orang,8081798,213521,2480,4,2016
Game,4968156,218365,4116,4,2016
Blog &amp; Orang,9639559,459977,3198,4,2016
Blog &amp; Orang,2481248,76639,1314,4,2016
Game,9137545,303252,3468,4,2016
Game,5656227,254655,6134,4,2016
Blog &amp; Orang,2678803,106010,1292,4,2016
Blog &amp; Orang,4068130,151310,3316,4,2016
Blog &amp; Orang,1625222,60717,559,4,2016
Game,2395997,9422,471,4,2016
Game,6557160,210177,4233,4,2016
Game,6032062,305943,4353,4,2016
Game,7185040,182635,5844,4,2016
Game,7367589,336072,3382,4,2016
Game,17538063,279214,12126,4,2016
Game,1635701,63931,847,4,2016
Blog &amp; Orang,6253795,197146,6387,4,2016
Game,12354055,542976,5103,4,2016
Blog &amp; Orang,6727162,262527,3429,4,2016
Game,6255373,246074,4565,4,2016
Game,1370969,46690,1977,4,2016
Game,6788271,0,0,4,2016
Game,3126606,144094,2975,4,2016
Game,6874163,313187,7948,4,2016
Blog &amp; Orang,4375775,270635,2741,4,2016
Game,7718837,435506,10898,4,2016
Game,11453727,575521,8736,4,2016
Game,1266348,44034,755,4,2016
Game,16170624,501535,6399,4,2016
Game,3830232,181722,1694,4,2016
Game,6039091,211953,4428,4,2016
Game,7239816,170061,7916,4,2016
Game,4470706,182475,2509,5,2016
Game,4352867,115713,1335,5,2016
Game,4220321,170034,3928,5,2016
Game,2933276,96339,1324,5,2016
Game,7431740,301236,3611,5,2016
Game,4866443,247896,2358,5,2016
Game,9183519,455763,4830,5,2016
Game,2321045,106935,2016,5,2016
Game,6788048,431367,17775,5,2016
Game,4380117,211036,2247,5,2016
Game,26942604,1165769,37391,5,2016
Game,6389804,227463,13141,5,2016
Game,6789546,349914,8764,5,2016
Game,3013627,138374,1315,5,2016
Game,11309620,453733,7766,5,2016
Game,5067235,297528,3796,5,2016
Game,4700466,211707,4825,5,2016
Mobil &amp; Otomotif,11403878,440135,16162,5,2016
Game,3210229,107187,5041,5,2016
Game,6183738,269114,4778,5,2016
Game,2777216,83718,1181,5,2016
Game,4753656,257247,3083,5,2016
Game,7263074,249292,6204,5,2016
Game,3729641,140425,1230,5,2016
Game,3201780,132817,3625,5,2016
Game,4356901,208408,1038,5,2016
Game,8870932,349930,6308,5,2016
Game,3262240,110142,1061,5,2016
Game,3168519,98312,1171,5,2016
Game,2541983,80277,805,5,2016
Game,2537880,80965,895,5,2016
Game,4675811,153158,4852,5,2016
Game,7066785,256426,4067,5,2016
Game,6566142,317604,5670,5,2016
Game,5849559,217462,2423,5,2016
Game,5111308,237499,5403,5,2016
Game,2624557,87647,962,5,2016
Game,1636090,46888,1847,5,2016
Game,9305945,458383,28716,5,2016
Game,3172430,197773,2616,5,2016
Game,6268061,258712,9014,5,2016
Game,3185093,99773,1250,5,2016
Game,5749627,262770,5469,5,2016
Game,7675438,456123,3144,5,2016
Game,2758055,93645,1149,5,2016
Game,3495679,127421,2483,6,2016
Game,6326248,222036,2888,6,2016
Game,6106499,256638,2594,6,2016
Game,4988177,199867,4071,6,2016
Game,17877539,576331,7076,6,2016
Game,7728836,363597,5755,6,2016
Game,1925446,62869,1172,6,2016
Game,4358358,160415,3319,6,2016
Game,5257902,306621,2544,6,2016
Game,2345971,74489,1383,6,2016
Game,4761383,197436,4858,6,2016
Game,5794695,209896,5613,6,2016
Game,6180516,226718,14566,6,2016
Game,3694630,160914,1783,6,2016
Game,3703170,203858,1497,6,2016
Game,2497028,93732,1681,6,2016
Game,6253838,361586,8556,6,2016
Game,5269265,318763,3869,6,2016
Game,3452007,192876,1532,6,2016
Game,5703210,362045,5148,6,2016
Game,4077186,213966,4125,6,2016
Game,2390493,67792,1466,6,2016
Game,8146001,258350,10198,6,2016
Game,2971541,87516,1800,6,2016
Game,4088119,196376,3525,6,2016
Game,8086236,360552,8229,6,2016
Game,10827827,550564,6896,6,2016
Game,2240204,82435,1432,6,2016
Game,5223194,266785,3591,6,2016
Game,4875937,165140,4515,6,2016
Game,11336106,346073,4286,6,2016
Game,8705951,519909,12405,6,2016
Game,9884733,662365,4717,6,2016
Game,17027844,792680,14046,6,2016
Game,1692847,50271,1176,6,2016
Game,4510589,173733,4917,6,2016
Game,8379104,581455,31084,6,2016
Game,3378384,91062,2153,6,2016
Game,15817162,846765,33908,6,2016
Game,7182559,360233,3456,7,2016
Game,25879728,753267,25309,7,2016
Game,19969280,562243,25361,7,2016
Game,6545283,282754,9580,7,2016
Game,6445775,459713,6621,7,2016
Game,4597791,236613,5316,7,2016
Game,7519980,457557,4431,7,2016
Game,9807384,385813,5698,7,2016
Game,5853257,347220,7000,7,2016
Game,7285581,362967,4217,7,2016
Game,8188143,332649,6443,7,2016
Game,10115255,323352,5054,7,2016
Game,9555508,324135,9697,7,2016
Game,5698012,268649,5788,7,2016
Game,4734908,245504,2183,7,2016
Game,12626866,577505,19150,7,2016
Game,14456069,810595,11539,7,2016
Game,5660895,253112,6969,7,2016
Game,8070248,420197,7231,7,2016
Game,8305523,417350,14332,7,2016
Game,6693417,389757,5053,7,2016
Game,7074038,333636,5179,7,2016
Game,8722260,522188,10833,7,2016
Game,4979167,342700,7038,7,2016
Game,10977989,460526,12888,7,2016
Game,5701044,240521,18021,7,2016
Game,8018613,546065,5444,7,2016
Game,3828751,162120,1582,7,2016
Game,8907308,484292,6254,7,2016
Game,9090606,304694,3553,7,2016
Game,7012234,298658,22054,7,2016
Game,4283577,288821,5967,7,2016
Game,8210322,387358,5731,7,2016
Game,2788265,148816,1128,7,2016
Game,7897770,329990,4625,8,2016
Game,10041902,444349,12907,8,2016
Game,13186860,594679,31319,8,2016
Game,5319437,346757,6082,8,2016
Game,13278164,617981,16446,8,2016
Game,7894801,482534,13684,8,2016
Game,4013127,229625,4231,8,2016
Game,6147136,429032,9353,8,2016
Game,5838020,249330,5868,8,2016
Game,6287345,334180,5090,8,2016
Game,5370466,244011,5359,8,2016
Game,5378983,247158,4608,8,2016
Game,4539971,231674,5741,8,2016
Game,2412347,105906,1389,8,2016
Game,2335606,109425,1187,8,2016
Komedi,6123149,239654,5882,8,2016
Game,16062547,543404,31382,8,2016
Game,3982343,174860,2134,8,2016
Game,4231502,167245,5955,8,2016
Game,5501107,220924,5284,8,2016
Game,3458403,221911,5103,8,2016
Game,6356745,418022,12726,8,2016
Game,4529756,184138,7145,8,2016
Game,5724778,407170,16782,8,2016
Game,6294251,357107,5339,8,2016
Game,2977747,130887,6575,8,2016
Game,6722012,351964,5874,8,2016
Game,4262011,223363,19674,9,2016
Game,12684576,594851,11067,9,2016
Game,3915515,246359,3101,9,2016
Game,4523022,271631,6226,9,2016
Game,6587262,244243,5171,9,2016
Game,8253299,376441,4857,9,2016
Game,7114313,329048,3748,9,2016
Game,5193909,540444,11258,9,2016
Game,5712303,358259,3962,9,2016
Game,9620235,369946,13671,9,2016
Game,4984844,175276,3482,9,2016
Game,7148710,369455,4285,9,2016
Game,6428672,465927,8755,9,2016
Game,8328760,459621,5028,9,2016
Game,7892976,374021,4520,9,2016
Game,8524024,328680,5724,9,2016
Game,7700130,415018,5857,9,2016
Game,5611134,292199,6374,9,2016
Game,6003900,254109,3297,9,2016
Game,9096169,349752,14003,9,2016
Game,3674982,161378,3491,9,2016
Game,3185071,109632,4779,9,2016
Game,3990645,249865,2749,9,2016
Game,4040230,222835,3291,9,2016
Game,4711876,260504,7609,9,2016
Game,6665184,275629,4679,9,2016
Game,7871893,454645,19060,9,2016
Game,6771553,221009,6103,9,2016
Game,5933471,339846,4978,9,2016
Game,4970807,200458,8073,9,2016
Game,11022022,392385,8831,10,2016
Game,6437597,224369,5590,10,2016
Game,4177754,207135,2961,10,2016
Game,4729192,226516,6570,10,2016
Game,14239432,378231,14374,10,2016
Game,4610912,309737,8990,10,2016
Game,3685621,185032,6370,10,2016
Game,6761822,428768,6063,10,2016
Game,6358587,286737,6709,10,2016
Game,8167618,315717,4683,10,2016
Game,17480272,532390,16818,10,2016
Game,6907017,278808,10552,10,2016
Game,5391815,203606,4238,10,2016
Game,3854714,158342,5204,10,2016
Game,4955607,209066,3040,10,2016
Game,6378962,318640,6612,10,2016
Game,5499233,163793,5725,10,2016
Game,6703998,331977,4358,10,2016
Game,6876250,330615,2769,10,2016
Game,4249685,208557,2759,10,2016
Game,5142462,265369,6562,10,2016
Game,3215709,214161,2561,10,2016
Game,9471641,388715,6979,10,2016
Game,5495572,254027,4730,10,2016
Game,4756453,196334,2837,10,2016
Game,4090067,231903,3122,10,2016
Game,4289766,225675,2391,10,2016
Game,4272919,255205,6580,10,2016
Game,3222984,260072,3499,10,2016
Game,16336682,766980,13247,11,2016
Game,2155708,135112,2403,11,2016
Game,2281269,139692,2181,11,2016
Game,4559058,273680,5250,11,2016
Blog &amp; Orang,4556383,292125,4616,11,2016
Game,7362048,253170,4098,11,2016
Blog &amp; Orang,2899684,140259,3387,11,2016
Blog &amp; Orang,2745317,132443,2858,11,2016
Blog &amp; Orang,6322791,256396,16974,11,2016
Blog &amp; Orang,4304735,192194,7803,11,2016
Game,2553863,179549,5417,11,2016
Game,4151538,184360,5318,11,2016
Hiburan,3495014,188379,3010,11,2016
Game,3682755,287617,5574,11,2016
Game,3186063,337468,5115,11,2016
Blog &amp; Orang,6555443,351188,16167,11,2016
Game,3245970,175020,1865,11,2016
Hiburan,2326445,166983,1789,11,2016
Blog &amp; Orang,3373329,181582,2098,11,2016
Hiburan,2780565,168307,2702,11,2016
Game,4506061,243967,3332,11,2016
Game,5469147,321822,5133,11,2016
Game,5069554,191733,9705,11,2016
Hiburan,12568108,214169,3312086,12,2016
Game,3649136,217534,4200,12,2016
Game,23343556,1130211,86990,12,2016
Game,4274701,179526,1743,12,2016
Hiburan,5103579,331343,22375,12,2016
Game,5636644,263757,3094,12,2016
Game,11711690,457981,9532,12,2016
Game,2543507,234133,3831,12,2016
Game,2984042,154654,1910,12,2016
Game,4513627,178374,2828,12,2016
Game,21329454,4026043,95821,12,2016
Hiburan,8993833,495636,12502,12,2016
Hiburan,46177915,3585119,107421,12,2016
Game,4134599,174880,2158,12,2016
Game,5572015,340984,14206,12,2016
Game,15388442,814156,15857,12,2016
Game,1673465,77893,1280,12,2016
Game,1779953,96079,1646,12,2016
Game,3594688,249300,2164,12,2016
Game,2079877,113363,1819,12,2016
Game,2690171,125622,1830,12,2016
Game,3374612,165187,2362,12,2016
Game,8503568,471907,5378,12,2016
Hiburan,8872801,395686,7308,12,2016
Game,9556438,369640,7279,12,2016
Game,19832548,784524,12978,12,2016
Game,5847463,413401,5723,12,2016
Game,3279576,159726,4890,12,2016
Game,6492985,323709,9614,12,2016
Game,33251747,1673353,256984,12,2016
Game,5257026,214625,4235,12,2016
Game,2288502,111333,2647,12,2016
Hiburan,17468022,658944,8937,12,2016
Game,7342368,202766,6642,12,2016
Game,7368370,528815,11065,12,2016
Game,7604203,371012,6356,12,2016
Game,4835330,277110,5756,12,2016
Game,12621359,521442,9434,12,2016
Game,6858876,395768,10111,12,2016
Game,1558374,82618,1251,12,2016
Game,4421958,240043,4426,12,2016
Game,7443734,406157,11380,12,2016
Game,3041655,144659,2875,12,2016
Hiburan,8940179,574812,11379,1,2017
Game,5940262,202578,2665,1,2017
Game,11335742,415466,5990,1,2017
Komedi,11602477,354667,7232,1,2017
Berita &amp; Politik,4943999,341538,10762,1,2017
Game,10083166,431134,5111,1,2017
Game,7430100,406715,15508,1,2017
Game,15823108,481243,14092,1,2017
Game,5929078,275462,3543,1,2017
Game,7697372,293236,5716,1,2017
Game,7059022,306272,3840,1,2017
Hiburan,5880487,329027,13381,1,2017
Game,4441322,189213,1170,1,2017
Blog &amp; Orang,8105806,446784,28783,1,2017
Game,4279746,191546,4290,1,2017
Hiburan,6273843,497099,15103,1,2017
Blog &amp; Orang,4410550,298179,7841,1,2017
Hiburan,8110780,434885,10398,1,2017
Komedi,10762633,741432,21404,1,2017
Game,13078968,491699,13483,1,2017
Komedi,6110753,286248,4825,1,2017
Komedi,12489011,622541,12908,1,2017
Hiburan,16375027,559901,15410,1,2017
Game,6151038,225583,3310,1,2017
Game,6514967,376303,7231,1,2017
Hiburan,5456395,382732,4492,1,2017
Game,24927418,871239,113644,1,2017
Game,10016428,558786,23161,1,2017
Game,6303299,359089,2574,1,2017
Hiburan,13062646,490378,10100,1,2017
Game,5513058,327878,9127,1,2017
Game,6171817,243266,11139,1,2017
Hiburan,6704258,384701,6922,1,2017
Game,5873967,339422,7680,1,2017
Game,6336723,327427,4477,1,2017
Hiburan,8133681,399264,5394,1,2017
Komedi,7443980,463829,14563,2,2017
Komedi,5705719,356599,8476,2,2017
Komedi,5180104,228521,3437,2,2017
Komedi,5320491,303819,4792,2,2017
Komedi,5662733,397287,9975,2,2017
Game,11163046,524213,11200,2,2017
Komedi,6118941,323946,8296,2,2017
Komedi,13856825,531401,11146,2,2017
Komedi,8025481,364554,10539,2,2017
Komedi,5967417,371819,9657,2,2017
Komedi,4768813,211933,5982,2,2017
Komedi,5795827,334272,8834,2,2017
Game,5820703,327479,10534,2,2017
Komedi,4241489,278192,7248,2,2017
Komedi,11542908,411498,7711,2,2017
Komedi,6010506,328879,11350,2,2017
Komedi,6690891,329466,6230,2,2017
Komedi,7043378,332773,8656,2,2017
Komedi,5436738,400184,7848,2,2017
Komedi,9487506,867410,8307,2,2017
Game,4598810,221765,6429,2,2017
Komedi,7980942,442031,7100,2,2017
Komedi,7287143,564710,7659,2,2017
Komedi,4483209,266989,3745,3,2017
Komedi,4154575,282236,4771,3,2017
Komedi,5523881,279666,11049,3,2017
Komedi,3778773,227919,4722,3,2017
Game,7330735,240933,6239,3,2017
Game,5190750,226613,9239,3,2017
Komedi,5045461,237376,6431,3,2017
Komedi,4443155,239377,4596,3,2017
Komedi,3051020,172552,2198,3,2017
Komedi,5121097,212616,5335,3,2017
Komedi,3404497,190567,4742,3,2017
Komedi,4697261,185940,4242,3,2017
Komedi,4701007,190537,5169,3,2017
Hiburan,8330927,405075,6053,3,2017
Komedi,4169015,307551,3636,3,2017
Game,4382027,218768,4238,3,2017
Komedi,3849500,133791,3545,3,2017
Komedi,3509932,161346,3869,3,2017
Komedi,4634839,297966,12107,3,2017
Komedi,6779671,391367,15486,3,2017
Komedi,2519497,133542,3257,3,2017
Komedi,4783845,258553,6054,3,2017
Komedi,6726152,606786,10730,3,2017
Komedi,7683120,860625,860362,3,2017
Game,3400793,161953,5220,3,2017
Komedi,4142367,247418,4650,3,2017
Komedi,6353565,288588,6565,3,2017
Komedi,3237992,188488,11358,3,2017
Komedi,2468780,128738,5224,3,2017
Komedi,3856729,220026,21590,3,2017
Komedi,4323804,335351,9165,3,2017
Komedi,5140870,165230,4828,3,2017
Komedi,6788308,505550,21456,3,2017
Komedi,3154973,119291,1820,4,2017
Komedi,6058228,243224,5939,4,2017
Komedi,3637851,288158,9307,4,2017
Game,10862284,336247,10164,4,2017
Komedi,3908910,190946,5267,4,2017
Game,4368634,213893,9006,4,2017
Game,3339132,144050,3147,4,2017
Komedi,3751696,245339,3986,4,2017
Komedi,4571723,254645,4376,4,2017
Komedi,4384096,319547,4185,4,2017
Komedi,3423011,205265,3208,4,2017
Komedi,4145108,314087,3651,4,2017
Komedi,8219181,348992,4647,4,2017
Komedi,3153214,172514,4945,4,2017
Komedi,3213807,241121,5330,4,2017
Komedi,3815845,341413,4749,4,2017
Komedi,2557638,129954,3856,4,2017
Game,4999656,172938,2666,4,2017
Komedi,3845522,175808,3687,4,2017
Blog &amp; Orang,2900535,262746,2851,4,2017
Komedi,4638358,164887,2438,4,2017
Komedi,3099424,210337,3422,4,2017
Komedi,3963617,229560,6290,4,2017
Game,4554502,152571,7350,4,2017
Komedi,5742586,356889,11087,4,2017
Komedi,3736410,236883,6442,4,2017
Blog &amp; Orang,4451162,265276,3627,4,2017
Komedi,4063730,212119,2479,4,2017
Komedi,3879318,263973,3624,4,2017
Komedi,7058582,377093,4895,4,2017
Komedi,5606484,257423,3606,5,2017
Komedi,6864092,324891,8276,5,2017
Game,3233766,166210,3050,5,2017
Nonprofit &amp; Aktivisme,2763282,168937,2363,5,2017
Nonprofit &amp; Aktivisme,4016899,431927,4881,5,2017
Komedi,2910570,246709,3018,5,2017
Komedi,8279557,417681,6590,5,2017
Komedi,3929819,183501,2678,5,2017
Komedi,2794007,222741,2683,5,2017
Game,3406856,130854,2817,5,2017
Komedi,8879355,382980,12642,5,2017
Komedi,11406826,362113,15482,5,2017
Komedi,2617294,161042,2741,5,2017
Nonprofit &amp; Aktivisme,3632970,268072,4398,5,2017
Komedi,5524418,269242,7841,5,2017
Komedi,2701656,120043,4745,5,2017
Komedi,3269234,162258,3550,5,2017
Komedi,3561693,256741,9638,5,2017
Komedi,3566598,213576,2429,5,2017
Komedi,6403921,293231,6714,5,2017
Komedi,3160352,113959,4805,5,2017
Komedi,7687923,491959,12535,5,2017
Komedi,3348318,184555,2814,5,2017
Komedi,4790854,232609,9460,5,2017
Komedi,7602257,312812,26323,5,2017
Komedi,5097576,364568,5577,5,2017
Komedi,3304233,194998,3994,5,2017
Komedi,3868149,399288,21950,5,2017
Komedi,6138544,287500,5383,6,2017
Komedi,13376974,786663,60349,6,2017
Komedi,5886118,246457,7343,6,2017
Komedi,8270124,276652,11800,6,2017
Komedi,6170156,373038,7835,6,2017
Komedi,3238029,178929,3987,6,2017
Komedi,4076623,195199,5108,6,2017
Komedi,11998283,534657,11725,6,2017
Komedi,13436352,534043,15202,6,2017
Komedi,7668006,317005,8428,6,2017
Game,4975210,218823,4138,6,2017
Komedi,5923743,266140,7339,6,2017
Komedi,2454369,157695,3367,6,2017
Komedi,2260530,90656,3045,6,2017
Komedi,3918511,247421,8830,6,2017
Komedi,5286334,373187,9455,6,2017
Game,3985134,178218,5372,6,2017
Komedi,7104590,314051,5097,6,2017
Komedi,5722800,349805,10674,6,2017
Komedi,6768520,415045,7934,6,2017
Komedi,9489494,416541,6415,6,2017
Komedi,4378867,280011,9847,6,2017
Komedi,30208774,1582605,137945,6,2017
Komedi,3490460,161250,10318,6,2017
Komedi,7822321,440851,4661,6,2017
Komedi,13080426,542750,17177,6,2017
Komedi,4678319,245338,5092,7,2017
Komedi,7204062,378194,5042,7,2017
Komedi,5612771,323467,5013,7,2017
Komedi,9635856,481606,10368,7,2017
Komedi,5736523,377710,13127,7,2017
Komedi,3535741,175246,4390,7,2017
Komedi,4182770,154024,5644,7,2017
Blog &amp; Orang,4465956,330715,5423,7,2017
Game,3758679,264741,4014,7,2017
Komedi,7107415,325008,7650,7,2017
Komedi,2988611,167233,2461,7,2017
Komedi,4174007,194734,5171,7,2017
Komedi,3538012,189391,3098,7,2017
Komedi,18265586,689242,17625,7,2017
Komedi,3529926,222794,5518,7,2017
Komedi,4090036,249338,6643,7,2017
Komedi,5967894,314601,6894,7,2017
Komedi,3997162,212709,4246,7,2017
Komedi,4097317,243878,3832,7,2017
Game,4039082,140598,2726,7,2017
Komedi,4233169,264849,6064,7,2017
Komedi,12642956,717309,30329,7,2017
Komedi,5051959,227891,5734,7,2017
Komedi,10671847,404201,17219,8,2017
Komedi,3132057,140691,6294,8,2017
Komedi,5967731,323641,6369,8,2017
Komedi,4002383,308520,4506,8,2017
Komedi,3974753,225745,3253,8,2017
Komedi,3797815,188317,3386,8,2017
Komedi,2815606,202807,3438,8,2017
Komedi,4212005,279603,5058,8,2017
Komedi,7488441,402117,5720,8,2017
Komedi,8170684,441425,14823,8,2017
Komedi,4843993,261917,4903,8,2017
Komedi,5902608,296095,6704,8,2017
Komedi,4774627,330786,2683,8,2017
Komedi,4263737,286790,4153,8,2017
Komedi,3847876,164103,4270,8,2017
Komedi,3497818,262179,3872,8,2017
Komedi,3864530,183710,8947,8,2017
Komedi,3977056,161463,3603,8,2017
Game,3576081,217616,4978,8,2017
Komedi,5585245,317745,5039,8,2017
Komedi,8591078,410060,9571,8,2017
Komedi,7175062,323800,5672,8,2017
Komedi,4166898,184970,3464,8,2017
Komedi,4841077,286034,6412,8,2017
Blog &amp; Orang,3741155,261651,5768,9,2017
Game,3041106,123369,2346,9,2017
Komedi,6608727,309932,9005,9,2017
Komedi,4422170,248108,4875,9,2017
Komedi,6136800,310148,6508,9,2017
Komedi,3158569,167184,3794,9,2017
Komedi,5046161,322466,8398,9,2017
Komedi,2763683,164673,7592,9,2017
Komedi,4211758,254304,3574,9,2017
Komedi,5819107,312592,22075,9,2017
Komedi,3359973,182388,2628,9,2017
Komedi,3824163,183102,6058,9,2017
Komedi,3758920,166781,4781,9,2017
Komedi,3363247,238370,3308,9,2017
Komedi,3869062,219684,4451,9,2017
Komedi,7953847,327769,15253,9,2017
Komedi,4631468,224982,4920,9,2017
Komedi,3097319,231599,2908,9,2017
Cara &amp; Gaya,2034902,151452,2022,9,2017
Komedi,2945941,148894,3514,9,2017
Blog &amp; Orang,10951228,769113,64786,9,2017
Komedi,3278387,171161,6975,9,2017
Komedi,3042757,171282,4001,9,2017
Komedi,3536131,281813,4808,9,2017
Komedi,5255094,310796,10695,9,2017
Komedi,4186402,216367,2980,10,2017
Komedi,2518078,67451,2242,10,2017
Komedi,5003814,214842,3805,10,2017
Komedi,2435013,83486,1445,10,2017
Komedi,5442795,243992,3919,10,2017
Komedi,2408857,86912,1515,10,2017
Komedi,2689316,154347,2536,10,2017
Komedi,9646199,384906,8754,10,2017
Komedi,3300366,110422,1966,10,2017
Komedi,3812780,215250,3117,10,2017
Komedi,2999316,102036,1988,10,2017
Komedi,2378130,175481,1909,10,2017
Game,5138367,449314,4243,10,2017
Komedi,4048900,215544,1958,10,2017
Komedi,2429941,75991,1846,10,2017
Komedi,3498640,93827,2237,10,2017
Komedi,5839680,241206,6527,10,2017
Komedi,1883067,92010,2441,10,2017
Komedi,4017892,235603,4101,10,2017
Game,2771466,105686,1958,10,2017
Komedi,3318981,105280,2642,10,2017
Komedi,4544882,297691,6849,10,2017
Komedi,2837355,180450,3360,10,2017
Cara &amp; Gaya,6315632,328629,5421,10,2017
Komedi,6351368,289020,5471,10,2017
Komedi,4266137,145201,3803,10,2017
Game,3096154,175732,4759,10,2017
Komedi,4999158,253492,3547,10,2017
Komedi,3767244,147583,2305,10,2017
Komedi,3540374,166827,3321,10,2017
Komedi,2222786,184408,2437,10,2017
Komedi,2871194,182906,4098,10,2017
Komedi,3245266,117851,1801,10,2017
Komedi,7186536,292439,7553,10,2017
Komedi,4228197,219058,9015,10,2017
Komedi,2619809,79306,1684,10,2017
Komedi,3272944,210380,3275,10,2017
Komedi,4727029,234677,6055,10,2017
Komedi,4461097,205367,2332,11,2017
Game,5980782,296818,3584,11,2017
Komedi,5600668,194714,13804,11,2017
Cara &amp; Gaya,3679918,262550,3577,11,2017
Game,4907606,243941,5036,11,2017
Game,2483649,202361,3468,11,2017
Komedi,4284033,175950,4626,11,2017
Komedi,3483561,252919,3959,11,2017
Komedi,5040374,279452,4181,11,2017
Komedi,5696344,226400,4726,11,2017
Komedi,2423265,117604,2448,11,2017
Komedi,9635049,527263,19744,11,2017
Komedi,2823727,240539,3995,11,2017
Komedi,1623711,84506,1940,11,2017
Komedi,5877613,314782,9243,11,2017
Komedi,3297795,176605,2862,11,2017
Hiburan,4414392,202890,5107,11,2017
Game,4151924,181832,3348,11,2017
Komedi,3418593,113398,4386,11,2017
Komedi,3238018,116244,5105,11,2017
Komedi,4246751,219293,2829,11,2017
Komedi,6743017,294406,10133,11,2017
Komedi,5747544,346936,5782,11,2017
Komedi,4347814,219652,2786,11,2017
Sains &amp; Teknologi,3282574,219885,3878,11,2017
Komedi,3843908,211322,4411,11,2017
Game,3343831,136066,2955,11,2017
Komedi,2312304,105015,4522,11,2017
Game,5485268,352296,7510,12,2017
Komedi,5087992,276703,6519,12,2017
Game,4635290,570630,4274,12,2017
Game,3110049,145114,2136,12,2017
Komedi,3708338,188420,4237,12,2017
Game,4063602,173421,4202,12,2017
Game,1585983,61308,2121,12,2017
Komedi,5245466,281256,8042,12,2017
Komedi,19751602,976075,31678,12,2017
Komedi,7255724,493838,7900,12,2017
Game,2657101,106276,2357,12,2017
Komedi,2602310,189477,4431,12,2017
Game,3175368,208169,5333,12,2017
Komedi,4303167,413908,4940,12,2017
Game,3018008,103220,1820,12,2017
Game,3109890,177053,2410,12,2017
Game,1343529,58015,2596,12,2017
Game,2595234,131310,3098,12,2017
Game,3144024,102154,2837,12,2017
Game,3468542,374853,2705,12,2017
Game,3480608,119164,3282,12,2017
Game,7482305,332597,4954,12,2017
Game,1444636,53250,1664,12,2017
Komedi,5266124,276499,7421,12,2017
Film &amp; Animasi,2692147,192281,2912,12,2017
Komedi,4311628,238791,3400,12,2017
Komedi,3286517,182347,3056,12,2017
Game,2612624,178745,3208,12,2017
Hiburan,3029284,206182,3555,12,2017
Komedi,4546640,241424,3304,12,2017
Komedi,2721521,210790,1991,12,2017
Hiburan,3325722,205883,4019,12,2017
Komedi,6692478,301104,5234,12,2017
Komedi,6560382,386142,9340,12,2017
Game,2901547,96807,2521,12,2017
Komedi,2664475,161064,2151,12,2017
Game,5538789,566754,4542,12,2017
Hiburan,3188387,239738,16283,12,2017
Game,1375081,45253,2180,12,2017
Hiburan,4599136,366183,3069,12,2017
Game,4737784,166188,5985,12,2017
Komedi,6448001,324917,10455,12,2017
Hiburan,9509261,547145,6479,1,2018
Game,3052810,165933,3110,1,2018
Game,4732232,191355,4209,1,2018
Komedi,4748973,296214,4493,1,2018
Blog &amp; Orang,4906923,451540,4346,1,2018
Komedi,5378589,435793,6318,1,2018
Komedi,6573986,329460,10195,1,2018
Komedi,3220910,170065,2076,1,2018
Game,5280306,318057,5101,1,2018
Musik,11475563,601766,9596,1,2018
Game,5356861,270646,5280,1,2018
Komedi,3224878,266387,3219,1,2018
Pendidikan,12110425,545737,15371,1,2018
Hiburan,7473804,573288,12241,1,2018
Game,4471991,185799,4324,1,2018
Game,3602699,179012,2540,1,2018
Komedi,5454787,354066,7271,1,2018
Game,6743953,414208,6035,1,2018
Hiburan,4068669,273851,8960,1,2018
Komedi,7074306,391513,7017,1,2018
Komedi,5801349,365344,5502,1,2018
Game,5229945,214559,6409,1,2018
Hiburan,5268108,352614,4153,1,2018
Komedi,5674926,365900,5314,1,2018
Hiburan,26889523,1587003,104539,1,2018
Game,9142761,348791,7678,1,2018
Game,6416346,364129,6878,1,2018
Hiburan,8107224,585826,11159,1,2018
Game,5320998,327735,6822,1,2018
Komedi,5444958,407197,8342,1,2018
Hiburan,8356827,599084,15445,1,2018
Hiburan,3092562,212493,4022,2,2018
Berita &amp; Politik,11168692,607454,25681,2,2018
Game,3382539,169597,5844,2,2018
Komedi,4771468,276299,8033,2,2018
Blog &amp; Orang,5285315,357506,4460,2,2018
Game,5324021,355927,4544,2,2018
Game,2547236,152855,3295,2,2018
Hiburan,5824091,337640,6706,2,2018
Game,3521092,262328,6216,2,2018
Hiburan,4213671,260960,5893,2,2018
Komedi,6534127,629467,4693,2,2018
Hiburan,7694010,446108,11127,2,2018
Hiburan,4974232,264727,6643,2,2018
Hiburan,5244483,358460,3692,2,2018
Berita &amp; Politik,4943645,296090,5474,2,2018
